0;0;1.0
0;603;-0.002866503294966477
1;1;1.0
1;125;-1.0
1;167;-1.0
1;169;-1.0
1;250;-1.0
1;287;-1.0
1;561;-0.6
1;615;-0.3838709677419355
1;626;-0.5
1;913;-0.7
1;926;-0.65
2;2;1.0
3;3;1.0
3;516;-0.0177
4;4;1.0
4;632;-0.0027881040892193307
5;5;1.0
5;952;-0.07349
6;6;1.0
6;211;-0.59
7;7;1.0
8;6;-0.034
8;8;1.0
9;9;1.0
9;852;0.76
10;10;1.0
10;807;-0.13150308853809195
11;11;1.0
11;580;-0.89
11;855;-0.94
12;12;1.0
12;716;-0.18493
12;764;-1500.0
12;818;-405.0
13;13;1.0
14;14;1.0
14;725;-0.21
15;15;1.0
16;16;1.0
16;603;-0.0001154458628583063
17;17;1.0
17;650;-0.00354595307988148
17;680;-0.00249703578510852
18;18;1.0
18;790;-0.25846153846153846
19;19;1.0
19;464;-0.04
20;20;1.0
20;680;-0.00110104980371555
21;21;1.0
21;519;-0.000640342885946522
21;847;-0.000494415776941585
22;22;1.0
22;76;-1.11972
22;220;-1.11756
22;247;-1.11756
22;253;-0.1892
22;616;-8.819075999999999
22;872;-1.19262
23;23;1.0
24;24;1.0
24;809;-0.000285
24;952;-0.004371787579187859
25;25;1.0
25;815;-9.339599999999999
26;26;1.0
26;230;-0.170117270327586
26;617;-0.234346199890742
27;27;1.0
28;28;1.0
29;29;1.0
29;504;-0.07352941176470588
30;30;1.0
30;680;-7.09651371828812
31;31;1.0
31;68;-2.67282
31;133;-5.87992
31;142;-0.2806
31;247;-1.99392
31;253;-0.004
31;335;-0.004
31;341;-0.00403
31;500;-49.71610169491525
31;594;-12.28716
31;760;-1.2276000000000002
31;872;-6.24624
31;941;-0.02826
32;32;1.0
33;33;1.0
33;45;-0.1
33;466;-0.019558
33;615;-0.060139784946236556
33;841;-0.047058823529411764
33;952;-0.0031626010994753127
34;34;1.0
35;35;1.0
36;36;1.0
37;37;1.0
37;213;-0.45
38;38;1.0
39;39;1.0
40;6;-0.1
40;40;1.0
40;76;-0.15996000000000002
40;109;-0.1
40;133;-0.32964
40;142;-0.0183
40;169;-0.1
40;220;-0.1608
40;247;-0.1608
40;253;-0.0029
40;300;-0.1
40;341;-0.0035
40;594;-0.15996000000000002
40;616;-0.20099999999999998
40;725;-0.1
40;735;-0.039
40;760;-0.15996000000000002
40;872;-0.1716
40;914;-0.0035
40;928;-0.1
40;941;-0.0104257
41;41;1.0
41;121;-0.020019900497512438
42;42;1.0
43;43;1.0
43;716;-1.6438
44;44;1.0
45;45;1.0
45;109;-0.02
46;11;-5.5
46;46;1.0
46;89;-3.6416023188405786
46;98;-15.73
46;289;-1.5
46;419;-0.0014
46;473;-100.0
46;516;-12.5
46;519;-0.0137777054589322
46;647;-4.68
46;680;-0.00654774431206111
46;690;-3.6416023188405786
46;763;-5.5
46;847;-0.0110946937723843
46;927;-100.0
47;47;1.0
47;455;-122.4
48;48;1.0
48;603;-0.0001460356150528021
49;49;1.0
50;50;1.0
50;522;-1.0
51;26;-0.00381017763666009
51;51;1.0
51;505;-0.00680655360735842
52;52;1.0
52;371;-1.02
53;53;1.0
53;680;-0.00607286630499613
54;54;1.0
54;648;158.0
55;55;1.0
55;952;-0.001268
56;56;1.0
57;57;1.0
57;790;-0.1276923076923077
58;58;1.0
59;59;1.0
60;60;1.0
60;648;-0.003
61;61;1.0
61;680;-0.00343168427560932
62;26;-0.000109943887432243
62;62;1.0
62;206;-2.43181818181818e-05
62;225;-5.24212185277724e-05
62;309;-3.11612215909091e-05
62;397;-3.30560034939193e-05
62;465;-7.62709624873786e-05
62;505;-9.83474254816581e-05
62;631;-5.3602293810086e-05
62;935;-5.27731419094019e-05
63;63;1.0
64;64;1.0
64;68;-0.06696
65;65;1.0
65;589;-0.02
66;66;1.0
66;300;-0.089
66;400;-0.11
67;67;1.0
67;516;-0.000555
68;68;1.0
68;901;-1.00057
69;69;1.0
69;658;-130.0
70;70;1.0
70;648;-270.0
71;71;1.0
72;72;1.0
72;519;-0.00181916983795653
72;680;-0.00222385762236662
72;847;-0.00159953640584049
73;73;1.0
73;519;-0.029230581652662
73;650;-0.00241061645721254
73;680;-0.00480090687595465
73;847;-0.00193165614277739
74;74;1.0
75;75;1.0
75;506;-1.0
76;71;-1.00057
76;76;1.0
77;77;1.0
77;615;-0.049903225806451616
77;841;-0.0392436974789916
78;78;1.0
78;665;-1.0
78;823;-0.4770531400966183
79;47;-7.147534151630925e-12
79;79;1.0
79;625;-7.008474518851273e-12
79;737;-7.669380695180736e-12
79;922;-7.92848670226202e-12
80;80;1.0
80;252;-4400000.0
81;81;1.0
81;128;-0.01
81;143;-0.155
81;517;-0.1705
81;809;-0.021846
81;952;-0.188
82;82;1.0
83;26;-1.81133333333333
83;68;-2.85
83;76;-2.85
83;83;1.0
83;89;-0.06
83;133;-1.91
83;206;-1.81133333333333
83;220;-1.91
83;225;-1.81133333333333
83;247;-1.91
83;309;-1.81133333333333
83;397;-1.81133333333333
83;417;-1.0
83;445;-5.3592
83;465;-1.81133333333333
83;505;-1.81133333333333
83;519;-2.17015471250728
83;547;-4.021359605205234
83;594;-2.85
83;603;0.001866745325280486
83;616;-1.91
83;631;-1.81133333333333
83;650;-1.45648391278383
83;680;-0.00123045025896688
83;690;-1.82
83;760;-2.85
83;847;-1.66954911493118
83;872;-1.91
83;935;-1.81133333333333
84;84;1.0
85;85;1.0
86;86;1.0
86;730;-6600.0
87;87;1.0
87;235;-3.3127e-12
88;88;1.0
88;763;-0.95
89;89;1.0
89;692;-1.00057
90;90;1.0
91;91;1.0
92;92;1.0
93;93;1.0
93;760;-0.007440000000000001
94;47;-2.382435937808895e-12
94;94;1.0
94;625;-2.336084194731578e-12
94;737;-2.556379277287831e-12
94;922;-2.642745211311632e-12
95;75;-1.0
95;95;1.0
96;96;1.0
96;279;-1.02
97;97;1.0
97;677;-1.0
98;10;-0.015
98;98;1.0
99;99;1.0
99;516;-0.00182
100;47;-3e-07
100;100;1.0
100;265;-3e-07
100;369;-3e-07
100;551;-3e-07
100;625;-3e-07
100;660;-3e-07
100;737;-3e-07
100;922;-3e-07
101;6;-0.028
101;101;1.0
102;102;1.0
102;228;-2.0
103;8;-1.3e-10
103;14;-7.4e-10
103;45;-7.4e-10
103;101;-7.4e-10
103;103;1.0
103;313;-7.4e-10
103;579;-3.1e-11
103;622;-6.7e-11
103;626;-3.5e-10
103;747;-2.3e-11
103;825;-3.8e-10
103;840;-7.4e-10
103;903;-7.4e-10
103;913;-2.2e-10
103;926;-2.6e-10
104;104;1.0
104;133;-29.2388
105;105;1.0
106;106;1.0
107;98;1.8
107;107;1.0
108;108;1.0
108;472;-120.0
108;621;-52.5
109;109;1.0
109;419;-0.1
110;110;1.0
110;213;-0.016
110;952;-0.0020762074567715785
111;111;1.0
111;603;-0.001287976710850761
112;112;1.0
113;113;1.0
114;114;1.0
114;128;-4.58e-06
115;115;1.0
115;952;-0.00808
116;116;1.0
116;256;-0.03952941176470588
117;117;1.0
118;118;1.0
118;648;-0.018
119;119;1.0
119;512;-0.01092597650915051
119;598;-0.009018759018759018
119;638;-1.077767569163363e-05
120;120;1.0
120;519;-0.008993995506775
120;650;-0.00182653273671102
120;680;-0.00938760867777839
120;847;-0.00293737770579627
121;121;1.0
121;162;-0.9203296703296702
122;122;1.0
122;920;-14.71034758290052
123;123;1.0
124;124;1.0
125;125;1.0
125;807;-0.05600549073438572
126;126;1.0
127;127;1.0
127;128;-0.000695
128;128;1.0
129;129;1.0
130;130;1.0
131;131;1.0
131;328;-0.00018721461187214613
131;547;-0.00018385650224215247
132;132;1.0
133;133;1.0
133;358;-1.00057
134;134;1.0
134;815;-0.16752
135;135;1.0
135;303;-2.969221894193898e-06
136;136;1.0
136;723;-0.38
137;137;1.0
137;446;-5.0
138;138;1.0
138;519;-0.00290175254453052
138;680;-0.0011229332118067
138;847;-0.00237737514445909
139;139;1.0
139;519;-0.247542730884833
139;650;-0.0231092268615785
139;680;-0.044366261423702
139;847;-0.0173753936335754
140;140;1.0
140;446;-13.33333333333333
140;512;-0.001905
141;141;1.0
141;203;-5.348319914762801e-10
141;543;-5.348319914762801e-10
142;142;1.0
143;143;1.0
144;144;1.0
144;220;-0.00013131999999999998
144;328;-0.00043652968036529677
144;371;-0.00030042000000000003
144;377;-0.00030042000000000003
144;547;-0.00042869955156950664
144;640;-1.23e-08
144;783;-7e-07
144;931;-1e-08
145;145;1.0
146;26;-0.00906204410881319
146;146;1.0
146;225;-0.00714098688438742
146;397;-0.0161846343081878
146;505;-0.0161885599310147
146;631;-0.0212585034013606
146;935;-0.0196745738050101
147;147;1.0
147;328;-8.325134337394989e-05
147;547;-6.62606251254936e-05
148;148;1.0
148;360;-220.0
149;149;1.0
150;150;1.0
151;112;-0.25
151;130;-0.25
151;151;1.0
151;160;-2000.0
151;161;-0.25
151;163;-0.25
151;165;-0.25
151;279;-0.25
151;298;-0.25
151;304;-0.25
151;353;-0.25
151;444;-118.0
151;451;-0.25
151;455;-0.25
151;472;-15000.0
151;494;-0.25
151;537;-0.25
151;597;-0.25
151;621;-4000.0
151;629;-0.25
151;710;-0.25
151;783;-0.006857
151;805;-0.25
151;857;-0.25
152;152;1.0
152;388;-0.00021921
152;874;-0.00015271
153;153;1.0
153;289;-0.019
154;154;1.0
154;603;-0.0005067818123264804
155;155;1.0
155;519;-0.00259178733538646
155;847;-0.00199953466502585
156;156;1.0
157;157;1.0
157;519;-0.0297397474507605
157;650;-0.00143931567462651
157;680;-0.0175140914957901
157;847;-0.00220627118232632
158;158;1.0
159;159;1.0
159;252;-5120.0
160;160;1.0
160;796;-1.09529e-07
161;161;1.0
162;162;1.0
162;954;-1.0758620689655174
163;163;1.0
164;164;1.0
164;283;-2.8615461179087874e-07
164;724;-2.8615461179087874e-07
165;165;1.0
166;47;-4.264664444251872e-06
166;128;-0.00708
166;166;1.0
166;265;-2.499726818015787e-05
166;369;-2.499726818015787e-05
166;548;-0.009990723562152134
166;551;-2.499726818015787e-05
166;625;-4.181692798511533e-06
166;660;-2.499726818015787e-05
166;737;-4.576030623471149e-06
166;922;-4.730629419678298e-06
167;167;1.0
167;790;-0.06461538461538462
168;168;1.0
168;648;-6300.0
169;109;-0.87
169;169;1.0
170;170;1.0
170;410;-0.5
170;558;-0.5
171;45;-0.3
171;171;1.0
172;172;1.0
173;173;1.0
173;648;-0.06
174;174;1.0
174;678;-125.0
175;175;1.0
176;176;1.0
176;903;-0.75
177;97;-15.0
177;177;1.0
177;360;-220.0
178;178;1.0
178;952;-0.0005050234354309246
179;179;1.0
179;235;-0.97946
180;180;1.0
180;516;-0.0062
181;11;-0.95
181;181;1.0
182;182;1.0
182;516;-0.000773
182;647;-0.0172
183;183;1.0
183;648;-0.00042
184;184;1.0
185;185;1.0
185;213;-0.057
185;400;-0.0068
185;626;-0.078
185;952;-0.012259
186;186;1.0
187;187;1.0
187;840;-1.0
188;188;1.0
188;237;-0.9
189;128;-0.000129
189;189;1.0
190;190;1.0
191;6;-1.9e-08
191;191;1.0
191;419;-1.9e-08
191;473;-1.9e-08
191;927;-1.9e-08
192;192;1.0
192;725;-0.79
193;29;-0.12000000000000001
193;193;1.0
193;424;-0.164
193;615;-0.11388172043010752
193;841;-0.08941176470588236
194;112;-1.02
194;194;1.0
195;195;1.0
196;196;1.0
197;197;1.0
197;371;-8.48e-08
197;377;-8.48e-08
198;198;1.0
198;807;-0.3891557995881949
199;128;-0.000223
199;199;1.0
200;200;1.0
200;658;-10.0
200;865;-87.5
201;47;-0.021570374032723553
201;133;-0.4288
201;194;-7.936385
201;201;1.0
201;203;-21.1966
201;247;-0.4288
201;265;-0.004903199101220616
201;283;-7.9364
201;328;-2.771935886930641
201;343;-18.62614
201;369;-0.07403558230941645
201;445;-3.4083419999999993
201;519;-0.878738609280462
201;528;-21.1966
201;543;-1.5237
201;547;-1.3713596052052344
201;594;-1.6368
201;603;-0.001881154643475704
201;633;-1.5237
201;650;-1.23045321291601
201;680;-0.00123253836746408
201;724;-18.62
201;760;-0.14880000000000002
201;847;-0.168499030742732
201;872;-0.4288
201;922;-0.07429430434913233
202;202;1.0
202;598;-0.003006253006253007
202;638;-0.0002254689754689755
203;165;-1.02
203;203;1.0
204;204;1.0
205;205;1.0
205;783;-1.8535
206;206;1.0
206;900;-0.2291159242933691
207;207;1.0
207;464;-1.97
208;208;1.0
208;220;-0.0023852
209;209;1.0
209;252;5120.0
210;210;1.0
211;211;1.0
211;419;-0.8
212;98;-0.752
212;212;1.0
213;213;1.0
213;300;-0.3
214;214;1.0
215;215;1.0
215;303;-2.969221894193898e-06
216;216;1.0
216;680;-0.00120326516269508
217;217;1.0
217;561;-0.9
218;68;-2.2084524
218;218;1.0
219;8;-1.0
219;169;-1.0
219;213;-1.0
219;219;1.0
219;250;-1.0
219;256;-0.03952941176470588
219;287;-1.0
219;622;-1.0
219;626;-1.0
219;823;-0.09057971014492752
219;926;-1.0
219;945;-1.0
220;220;1.0
220;831;-1.00057
221;221;1.0
222;222;1.0
222;680;-0.00171401939901084
223;223;1.0
223;417;0.003
224;224;1.0
224;626;-0.025
225;225;1.0
225;230;-0.0677621311745659
225;800;-0.24723746830691
226;226;1.0
227;227;1.0
227;417;-9.892033725970944e-10
228;228;1.0
228;796;-1.09529e-07
229;229;1.0
229;807;-0.12916952642415921
230;194;-10.2846
230;203;-11.6966
230;230;1.0
230;343;-10.2846
230;543;-11.6966
231;231;1.0
231;466;-1.2418464626191672e-06
232;232;1.0
233;233;1.0
233;952;-0.0006299884455209173
234;234;1.0
234;603;-0.0005055214295259308
235;218;-55.303
235;235;1.0
236;228;-50.0
236;236;1.0
237;237;1.0
237;439;-0.3725
238;238;1.0
239;32;-1.0
239;128;-0.3
239;135;-114.4223130430669
239;143;-0.3317
239;192;-1.0
239;213;-0.0014
239;239;1.0
239;252;-270000.0
239;400;-0.85
239;424;-0.5027
239;440;-1.0
239;517;-0.3298
239;561;-0.9
239;579;-0.96
239;619;-1.0
239;648;-210.0
239;730;-4760.0
239;770;-1.0
239;785;-0.6
239;801;-0.9698499999507729
239;822;-0.5
239;825;-0.49
239;865;-26600.0
239;944;-1.0
240;240;1.0
240;790;-0.2569230769230769
241;241;1.0
241;289;-0.032
242;242;1.0
242;777;828000000.0
243;243;1.0
243;252;-2000.0
244;26;-3.28541226215645e-05
244;225;-5.91966173361523e-06
244;244;1.0
244;397;-4.13895048041389e-06
244;465;-2.21493728620296e-05
244;505;-2.88311688311688e-05
244;631;-5.1948051948052e-06
244;935;-3.9908779931585e-06
245;245;1.0
245;283;-15.77786
245;328;-0.08325134337394989
245;528;-15.90552
245;547;-0.06626062512549359
245;633;-15.92628
245;724;-15.777
246;246;1.0
247;247;1.0
247;278;-1.00057
248;248;1.0
248;512;-0.008121642538468542
248;638;-8.011405597447662e-06
249;104;-0.0002
249;205;-0.00058
249;249;1.0
249;388;-0.0003
249;874;-0.00056
249;931;-0.00026
250;250;1.0
250;560;-0.11
250;580;-0.11
251;251;1.0
252;13;-4.227972264501945e-09
252;252;1.0
252;620;-4.22e-06
253;76;-37.9254
253;253;1.0
254;18;-0.894
254;254;1.0
254;442;-0.88
254;688;-0.894
255;255;1.0
256;256;1.0
256;522;-1.0
257;257;1.0
258;258;1.0
259;259;1.0
259;648;-0.6
260;260;1.0
261;206;-2.06971284064905
261;261;1.0
261;309;-1.77145295139988
261;519;-2.20591069683144
261;650;-0.00109923138846146
261;680;-0.00155582395722054
261;847;-1.69592765886261
262;206;-0.0159208680049927
262;262;1.0
262;309;-0.0136265611646145
262;519;-0.0169705581939628
262;847;-0.0130467681272361
263;263;1.0
263;648;-0.9
264;264;1.0
264;273;-0.00989278752436647
264;561;-3.06
265;265;1.0
265;805;-122.4
266;266;1.0
267;267;1.0
267;289;-0.1
268;268;1.0
268;466;-0.002780933062880325
269;269;1.0
270;26;-0.0170728567750794
270;225;-0.164528337816286
270;270;1.0
270;397;-0.19576933659184
270;465;-0.0131280617847037
270;505;-0.0190619909935805
270;631;-0.220408163265306
270;935;-0.190386915796322
271;271;1.0
271;417;-7.439999999999999e-05
272;272;1.0
273;273;1.0
273;697;-1.026
274;47;-3.095e-06
274;86;-0.31
274;265;-3.095e-06
274;274;1.0
274;369;-3.095e-06
274;551;-3.095e-06
274;625;-3.095e-06
274;660;-3.095e-06
274;737;-3.095e-06
274;922;-3.095e-06
275;26;-0.000162619068051146
275;206;-0.000283440815477429
275;225;-0.000514151055675894
275;275;1.0
275;309;-0.000242595039883515
275;397;-0.000436985126321071
275;465;-0.000125044870982727
275;505;-0.000181565583980071
275;631;-0.000573979591836735
275;935;-0.000424970794188218
276;276;1.0
277;277;1.0
278;278;1.0
279;279;1.0
280;280;1.0
280;561;-0.9
281;281;1.0
281;818;-7.0
282;47;-2.33e-07
282;265;-2.33e-07
282;282;1.0
282;369;-2.33e-07
282;551;-2.33e-07
282;625;-2.33e-07
282;660;-2.33e-07
282;737;-2.33e-07
282;922;-2.33e-07
283;283;1.0
283;451;-1.02
284;68;-0.007552716000000001
284;133;-0.0062926399999999995
284;284;1.0
284;466;-0.07823
284;872;-0.0022696960000000003
284;952;-0.00146
285;285;1.0
286;286;1.0
286;464;-0.46
287;287;1.0
287;723;-0.22
288;10;-0.05
288;198;-0.05
288;240;-0.02
288;288;1.0
288;426;-0.05
288;446;-0.008333333333333333
288;855;-0.02
288;886;-0.02
289;198;-0.87
289;289;1.0
290;290;1.0
290;519;-0.00243015790847698
290;847;-0.00217549792395151
291;71;6.89e-07
291;194;-0.007398
291;203;-0.012439
291;232;6.89e-07
291;278;6.89e-07
291;291;1.0
291;343;-0.007398
291;345;6.89e-07
291;358;6.89e-07
291;393;6.89e-07
291;488;6.89e-07
291;543;-0.012439
291;692;6.89e-07
291;831;6.89e-07
291;901;6.89e-07
291;963;6.89e-07
292;292;1.0
293;293;1.0
293;648;-9.05
294;252;4400000.0
294;294;1.0
295;235;-2.244e-10
295;295;1.0
296;88;-0.34
296;181;-0.55
296;296;1.0
297;297;1.0
297;680;-0.00196238011012133
298;298;1.0
299;299;1.0
299;678;-818.0
300;300;1.0
300;419;-0.1
301;98;-0.0273
301;301;1.0
302;302;1.0
302;720;-0.9750612335782676
303;52;-0.5077966101694915
303;303;1.0
303;353;-1.02
303;362;-0.07
303;789;-0.125
304;304;1.0
305;305;1.0
305;519;-0.00571206502210416
305;680;-1.86908896837008
305;847;-0.00126028339690803
306;161;-1.02
306;306;1.0
307;76;-0.013392000000000001
307;307;1.0
307;729;-0.008100000000000001
307;952;-0.001194
308;104;-0.0013
308;205;-0.00032
308;235;-0.0001751
308;308;1.0
308;388;-0.0011
308;874;-0.00184
308;931;-0.00035
309;309;1.0
309;900;-0.7708840757066309
310;310;1.0
311;47;-2.3824359378088957e-10
311;311;1.0
311;625;-2.3360841947315784e-10
311;737;-2.5563792772878314e-10
311;922;-2.642745211311632e-10
312;312;1.0
312;815;-6.7272
313;313;1.0
313;473;-0.022
313;927;-0.022
314;314;1.0
314;519;-0.000653640049533347
314;648;-3.0
314;847;-0.000508148594987174
315;76;-0.15252000000000002
315;133;-0.15276
315;220;-0.15276
315;247;-0.15276
315;315;1.0
315;594;-0.15252000000000002
315;616;-0.09380000000000001
315;735;-0.1504
315;760;-0.15252000000000002
315;872;-0.16302000000000003
315;941;-0.02417
316;302;-1.497373829641471
316;316;1.0
317;71;-2.6e-10
317;232;-2.6e-10
317;278;-2.6e-10
317;317;1.0
317;345;-2.6e-10
317;358;-2.6e-10
317;393;-2.6e-10
317;488;-2.6e-10
317;692;-2.6e-10
317;831;-2.6e-10
317;901;-2.6e-10
317;963;-2.6e-10
318;318;1.0
318;519;-9.15427765394306
318;650;-0.659156389588604
318;680;-1.19921183562428
318;847;-0.494586990580956
319;319;1.0
320;26;-0.042744786750193
320;225;-0.0232891385589489
320;320;1.0
320;397;-0.0197938077589137
320;465;-0.0328683247814519
320;505;-0.0477249209542971
320;631;-0.0259991496598639
320;935;-0.0192496030108219
321;321;1.0
321;466;-4.80849640408095e-06
322;322;1.0
322;801;-0.030000000004922697
323;323;1.0
323;377;-2.3377536e-08
324;8;-0.086
324;57;-1.0
324;97;-45.0
324;128;-0.01
324;136;-1.0
324;143;-0.155
324;213;-0.041
324;229;-1.0
324;324;1.0
324;360;-440.0
324;466;-0.00978
324;517;-0.1705
324;747;-0.15
324;809;-0.021846
324;865;-1180.0
324;890;-1.0
324;952;-0.0004132465436647745
325;325;1.0
325;424;-0.182
325;809;-0.0016534
326;326;1.0
326;648;-0.18
327;327;1.0
327;519;-1.743917384236
327;650;-0.165919659339047
327;680;-0.301456783371483
327;847;-0.112905866438183
328;47;-0.027806439371933896
328;265;-0.028272026488489338
328;328;1.0
328;369;-0.028271763757474467
328;922;-0.028370194898215767
329;329;1.0
329;473;-380.0
329;647;-6.54e-06
329;790;-5.007692307692308
329;807;-4.468085106382978
329;927;-380.0
330;330;1.0
330;680;-0.00640857232067048
331;331;1.0
331;865;-5210.0
332;332;1.0
332;952;-0.055656732557929293
333;333;1.0
334;29;-0.22226666666666667
334;71;-0.0326
334;230;-0.18
334;232;-0.0326
334;252;-315000.0
334;278;-0.0326
334;334;1.0
334;345;-0.0326
334;358;-0.0326
334;393;-0.0326
334;488;-0.0326
334;617;-0.18
334;648;-81.1
334;692;-0.0326
334;800;-0.18
334;831;-0.0326
334;900;-0.24
334;901;-0.0326
334;963;-0.0326
335;335;1.0
335;760;-37.223436
336;336;1.0
337;337;1.0
338;26;-0.042744786750193
338;225;-0.0232891385589489
338;338;1.0
338;397;-0.0197938077589137
338;465;-0.0328683247814519
338;505;-0.0477249209542971
338;631;-0.0259991496598639
338;935;-0.0192496030108219
339;339;1.0
339;387;-0.81
340;340;1.0
340;519;-0.0136909761396828
340;603;-0.5843558594445183
340;620;-0.00026
340;650;-0.0121994752581018
340;680;-0.0105195186936715
340;847;-0.00470890944461147
341;341;1.0
341;594;-37.223436
342;342;1.0
343;343;1.0
343;629;-1.02
344;344;1.0
344;603;-0.2159921594053612
344;680;-0.00299915118010498
345;345;1.0
346;235;-0.97946
346;346;1.0
347;347;1.0
347;519;-0.367488613088296
347;650;-0.0264742623426067
347;680;-0.0481944969103818
347;847;-0.0198673545538969
348;348;1.0
349;47;-1.39e-07
349;265;-1.39e-07
349;349;1.0
349;369;-1.39e-07
349;551;-1.39e-07
349;625;-1.39e-07
349;660;-1.39e-07
349;737;-1.39e-07
349;922;-1.39e-07
350;350;1.0
350;648;-0.3
351;351;1.0
352;104;-0.0003
352;205;-0.0001
352;235;-0.0001751
352;352;1.0
352;388;-0.0003
352;874;-0.00041
352;931;-0.00015
353;353;1.0
354;354;1.0
355;355;1.0
355;519;-0.0217927815515292
355;650;-3.53154920467617
355;680;-0.00413344598730038
355;847;-15.9187731354229
356;356;1.0
356;519;-0.0261283676348811
356;650;-0.0303506736402275
356;680;-0.00661657608854424
356;847;-0.00299236352750271
357;357;1.0
357;473;-0.39
357;927;-0.39
358;358;1.0
359;359;1.0
359;648;-42.2
360;215;-0.09476
360;360;1.0
361;57;-1.0
361;136;-1.0
361;229;-1.0
361;361;1.0
361;890;-1.0
361;952;-0.188
362;362;1.0
362;789;-0.875
363;104;-0.0026
363;363;1.0
363;388;-0.0013
363;874;-0.00405
363;931;-0.00108
364;252;-26.0
364;364;1.0
365;365;1.0
366;366;1.0
366;852;-0.3802
367;135;-34.01744441820909
367;367;1.0
367;561;-0.9
367;615;-0.11388172043010752
367;777;-7200000.0
367;841;-0.08941176470588236
367;865;-5210.0
367;876;-300.0
368;252;-3330.0
368;368;1.0
369;369;1.0
369;494;-122.4
370;97;-30.0
370;211;-0.15
370;360;-220.0
370;370;1.0
370;419;-0.16
370;658;-221090.0
370;764;-250.0
370;818;-231.2
371;371;1.0
372;4;-1.5947955390334572
372;302;-0.6645352820278604
372;372;1.0
372;430;-1.483226837060703
372;569;-0.7441272135887244
372;632;-0.3005576208178439
372;683;-0.33046309696092624
372;697;-0.03062
372;954;-0.08866995073891626
373;283;-0.007398
373;373;1.0
373;464;0.05
373;528;-0.012439
373;633;-0.012439
373;720;0.7014028056112225
373;724;-0.007398
374;18;-0.106
374;374;1.0
374;442;-0.12
374;688;-0.106
375;47;0.004903063732112151
375;96;-3.2
375;265;0.0012852843910989183
375;306;-3.2
375;369;0.0056041324981717594
375;375;1.0
375;551;0.0008459492464642289
375;625;0.00467633856493721
375;658;-500.0
375;660;0.005164605320643895
375;737;0.01027759469600731
375;922;0.01084676955722356
376;376;1.0
377;377;1.0
378;378;1.0
379;379;1.0
379;519;-0.0313423950043424
379;650;-0.00221903317708495
379;680;-0.00464118788063056
379;847;-0.00166496471282742
380;380;1.0
380;648;237.0
381;381;1.0
381;648;-0.006
382;382;1.0
382;852;0.11
383;383;1.0
384;384;1.0
384;658;-1800000.0
385;385;1.0
386;198;-0.28
386;240;-0.5980556828014455
386;386;1.0
386;589;-0.94
386;855;-0.41
386;886;-0.41
387;52;-0.0001765536723163842
387;387;1.0
388;388;1.0
388;872;-31.116800000000005
389;194;-2.8615461179087874e-07
389;343;-2.8615461179087874e-07
389;389;1.0
390;390;1.0
390;678;-0.17
391;391;1.0
391;621;-97.5
392;71;-0.000584
392;232;-0.000584
392;278;-0.000584
392;345;-0.000584
392;358;-0.000584
392;392;1.0
392;393;-0.000584
392;488;-0.000584
392;692;-0.000584
392;831;-0.000584
392;901;-0.000584
392;963;-0.000584
393;393;1.0
394;47;-0.05124742496104852
394;194;-10.68991
394;265;-0.06931778213579072
394;283;-10.6899
394;394;1.0
394;543;-19.58557
394;551;-0.06953552895201975
394;625;-0.051343058496715124
394;633;-19.58557
395;395;1.0
395;865;210000.0
396;396;1.0
397;230;-0.137466326529417
397;397;1.0
397;800;-0.501560767931407
398;398;1.0
398;519;-0.0252954512587566
398;680;-0.0157097043766782
398;847;-0.0201241134900112
399;399;1.0
400;300;-0.48
400;400;1.0
401;401;1.0
401;446;-3.217910447761195
402;402;1.0
402;519;-0.0413870560807596
402;650;-0.0035338724592215
402;680;-0.0069496099735872
402;847;-0.00284985039732383
403;403;1.0
403;796;-1.09529e-07
404;404;1.0
405;405;1.0
405;852;0.0079
406;406;1.0
407;407;1.0
408;408;1.0
408;680;-0.00450030354052496
409;409;1.0
409;516;-0.00328
410;410;1.0
410;790;-0.07230769230769231
411;411;1.0
411;519;-0.157092350103479
411;650;-0.00622539004691176
411;680;-0.055398762787398
411;847;-0.12523145536307
412;371;-2.3377536e-08
412;412;1.0
413;413;1.0
413;740;-0.001756
413;858;-5.0
414;414;1.0
414;648;-0.12
415;371;-0.041393706
415;415;1.0
416;205;-0.0142
416;416;1.0
417;52;-2.768361581920904
417;362;-1.57
417;417;1.0
418;300;-0.13
418;418;1.0
419;419;1.0
420;97;-60.0
420;135;-23.19371210332438
420;360;-220.0
420;420;1.0
420;446;-15.0
421;289;-15.0
421;421;1.0
422;122;-0.007428726581591095
422;371;-1.2042e-06
422;377;-1.2042e-06
422;422;1.0
422;548;-3.4406307977736557
423;423;1.0
424;424;1.0
425;47;-1.6910012049805864e-06
425;265;-1.6910012049805864e-06
425;369;-1.6910012049805864e-06
425;387;-0.19
425;425;1.0
425;551;-1.6910012049805864e-06
425;625;-1.6910012049805864e-06
425;660;-1.6910012049805864e-06
425;737;-1.6910012049805864e-06
425;922;-1.691001204980586e-06
425;952;-0.00104787516429282
426;426;1.0
426;790;-0.18923076923076923
427;427;1.0
427;519;-0.00164387905043985
427;650;-0.00250699919896688
427;680;-0.00174956535632019
427;847;-0.00109245709612085
428;328;-0.0353818209339287
428;428;1.0
428;547;-0.02816076567833478
429;429;1.0
429;519;-0.00998966547630934
429;650;-0.00119437116204934
429;680;-0.275730214195585
429;847;-0.001458967130662
430;430;1.0
430;921;-1.252
431;29;-0.1
431;76;-0.07748016
431;104;-1.23e-05
431;388;-0.00018896
431;431;1.0
431;548;-0.19081632653061226
431;874;-0.00013163
431;920;-0.08789452656811826
432;432;1.0
433;26;-0.000130850081524071
433;206;-0.00142354899105471
433;225;-0.00110391326081265
433;309;-0.000616480734837933
433;397;-0.000756279638111576
433;433;1.0
433;465;-0.000199086479581064
433;505;-0.000216421193829645
433;631;-0.000945493197278914
433;935;-0.000601933748277381
434;434;1.0
434;648;-0.06
435;435;1.0
436;424;-0.164
436;436;1.0
436;446;-8.333333333333334
436;730;-4760.0
436;822;-0.25
437;206;-0.0921115040565842
437;309;-0.0788376012914659
437;437;1.0
438;438;1.0
438;519;-0.00256785793715849
438;680;-0.0134747041131238
438;847;-0.00215716032667506
439;439;1.0
440;440;1.0
440;656;-0.35
441;441;1.0
442;442;1.0
442;473;-0.16
442;927;-0.16
443;443;1.0
444;444;1.0
444;796;-1.09529e-07
445;328;-2.775044779131663
445;445;1.0
446;303;-8.189734418612424e-06
446;446;1.0
447;125;-1.0
447;167;-1.0
447;447;1.0
448;448;1.0
449;47;-0.06282034128538083
449;121;-8.815920398009952e-05
449;194;-15.77786
449;203;-15.90552
449;265;-0.06282106566803534
449;273;-0.0002441520467836257
449;302;-0.00039963461977620464
449;303;-12.31802911534155
449;343;-15.77765
449;369;-0.06282119837903925
449;449;1.0
449;466;-0.1369
449;500;-0.764830508474576
449;506;-0.10241007194244606
449;543;-15.92628
449;551;-0.06282530944162892
449;625;-0.06281291549926048
449;660;-0.06282513130300131
449;720;-0.1460031173458027
449;729;-0.996
449;737;-0.06282011295918416
449;922;-0.06282011295918416
449;952;-1.92
450;450;1.0
451;451;1.0
452;143;-0.07537
452;452;1.0
452;517;-0.03038
452;648;-60.0
452;952;-0.01257
453;26;-2.77037209302326e-06
453;206;-0.000173181818181818
453;225;-0.000168879069767442
453;309;-0.000119691051136364
453;397;-0.000138851441241685
453;453;1.0
453;465;-1.91015892246294e-06
453;505;-2.43114285714286e-06
453;631;-0.0001354
453;935;-0.000105755772519954
454;454;1.0
454;516;-3.33e-07
454;647;-3.33e-07
455;455;1.0
456;456;1.0
457;457;1.0
457;648;-0.003
458;6;-0.2
458;71;-0.0336
458;76;-0.37944000000000006
458;109;-0.22
458;133;-0.38056
458;169;-0.2
458;220;-0.38056
458;232;-0.0336
458;247;-0.27336000000000005
458;252;-55100.0
458;278;-0.0336
458;300;-0.2
458;345;-0.0336
458;358;-0.0336
458;393;-0.0336
458;458;1.0
458;488;-0.0336
458;594;-0.37944000000000006
458;616;-0.23315999999999998
458;648;-487.0
458;692;-0.0336
458;725;-0.2
458;760;-0.37944000000000006
458;815;-1.1397599999999999
458;831;-0.0336
458;872;-0.08008
458;901;-0.0336
458;941;-0.0199
458;963;-0.0336
459;446;-0.4833333333333334
459;459;1.0
460;460;1.0
460;648;5.0
461;461;1.0
461;815;-0.42432000000000003
462;47;-3.573653906713343e-08
462;462;1.0
462;625;-3.504126292097367e-08
462;737;-3.834568915931747e-08
462;922;-3.964117816967447e-08
463;463;1.0
464;240;-0.94
464;464;1.0
465;230;-0.398867046764798
465;465;1.0
465;617;-0.549462006361713
466;466;1.0
467;467;1.0
467;594;-0.0037200000000000006
467;760;-0.0036084000000000003
467;952;-0.000549496911943245
468;464;-1.37
468;468;1.0
468;519;-2.25563122946371e-05
468;847;-0.00112113676833538
469;466;-0.006943
469;469;1.0
470;470;1.0
470;648;-0.12
471;446;-5.008333333333334
471;471;1.0
471;516;-0.00341
472;472;1.0
472;796;-1.09529e-07
473;473;1.0
474;474;1.0
475;475;1.0
476;476;1.0
477;477;1.0
477;680;-0.00481149718886945
478;466;-0.01956
478;478;1.0
479;400;-0.0057
479;479;1.0
479;952;-0.0494702284212706
480;480;1.0
480;931;-1e-05
481;481;1.0
482;482;1.0
483;128;-0.045
483;213;-0.0036
483;257;-0.03125
483;424;-0.1665
483;426;-0.015
483;446;-0.4833333333333334
483;483;1.0
483;656;-0.1
483;785;-0.05
483;809;-0.00811
483;823;-0.04830917874396135
483;903;-0.25
484;484;1.0
485;444;-1418.0
485;485;1.0
486;253;-0.02769189189189189
486;486;1.0
487;213;-2e-08
487;400;-2e-08
487;418;-2e-08
487;487;1.0
488;488;1.0
489;489;1.0
490;490;1.0
490;680;-0.00394469475403785
491;13;-8.041603247082699e-11
491;394;-2.54e-11
491;417;-2.536783358701167e-11
491;491;1.0
492;135;-46.38742420664875
492;492;1.0
492;823;-0.05314009661835748
493;493;1.0
493;648;-0.0012
494;494;1.0
495;495;1.0
495;519;-0.306744984291469
495;650;-0.0320925813317704
495;680;-0.0680328030345779
495;847;-0.0259878960887963
496;496;1.0
497;47;-2.1219e-11
497;194;-2.54628e-09
497;203;-2.54628e-09
497;265;-2.1219e-11
497;283;-2.54628e-09
497;343;-2.54628e-09
497;369;-2.1219e-11
497;497;1.0
497;528;-2.54628e-09
497;543;-2.54628e-09
497;551;-2.1219e-11
497;625;-2.1219e-11
497;633;-2.54628e-09
497;660;-2.1219e-11
497;724;-2.54628e-09
497;737;-2.1219e-11
497;922;-2.1219e-11
498;498;1.0
499;499;1.0
499;952;-0.002377
500;500;1.0
500;632;-0.2631970260223048
501;417;-0.021
501;501;1.0
502;502;1.0
502;547;-2.20868750418312
503;503;1.0
503;519;-0.00108630715115178
503;603;-0.001339655855137307
503;847;-0.000744766860839538
504;504;1.0
505;230;-0.156938571381587
505;505;1.0
505;617;-0.216191793747545
506;506;1.0
506;920;-1.1106671993607669
507;507;1.0
507;716;-0.27397
507;818;-600.0
508;508;1.0
509;509;1.0
509;519;-7.02038220839227e-06
509;847;-0.000623529044011057
510;47;-9.659999999999999e-08
510;265;-9.659999999999999e-08
510;369;-9.659999999999999e-08
510;510;1.0
510;551;-9.659999999999999e-08
510;625;-9.659999999999999e-08
510;658;-57500.0
510;660;-9.659999999999999e-08
510;737;-9.659999999999999e-08
510;922;-9.659999999999999e-08
511;29;-1.1106666666666667
511;511;1.0
511;841;-0.08621848739495798
512;512;1.0
512;522;-1.0
513;26;-20.4
513;85;-1.0
513;104;-1.0
513;205;-1.0
513;206;-20.4
513;218;-18.5
513;225;-20.4
513;253;-1.0
513;309;-19.6
513;328;-55.5
513;388;-1.0
513;397;-19.6
513;465;-19.6
513;505;-20.4
513;513;1.0
513;519;-23.7954065953778
513;547;-55.5
513;631;-20.4
513;640;-1.0
513;650;-0.0300510967008486
513;680;-0.116199895315208
513;735;-1.0
513;847;-18.2632583940266
513;874;-1.0
513;914;-1.0
513;931;-1.0
513;935;-19.6
513;941;-1.0
514;8;-0.17
514;14;-1.0
514;29;-1.006
514;45;-1.0
514;101;-1.0
514;213;-0.14
514;313;-1.0
514;400;-0.0088
514;418;-0.029
514;514;1.0
514;579;-0.042
514;622;-0.091
514;626;-0.47
514;747;-0.031
514;825;-0.51
514;840;-1.0
514;903;-1.0
514;913;-0.3
514;926;-0.35
515;515;1.0
515;809;-0.0006888
516;516;1.0
517;517;1.0
518;518;1.0
519;519;1.0
520;520;1.0
520;603;-0.0001262453990160267
521;521;1.0
521;809;-0.03379
522;439;-1.125
522;522;1.0
523;523;1.0
524;400;-0.0057
524;524;1.0
525;525;1.0
526;526;1.0
526;914;-0.005560000000000001
527;527;1.0
527;658;-100.0
528;528;1.0
528;537;-1.02
529;424;-1.867
529;466;-1.671
529;529;1.0
529;785;-1.71
529;809;-1.4838
529;822;-1.82
529;928;-0.6567785234899329
529;952;-6.779
530;530;1.0
530;809;-0.0001575
530;952;-0.452
531;4;-0.11285006195786863
531;29;-0.23
531;71;-0.0067
531;75;-0.11183027687882056
531;89;-0.08724206185567011
531;95;-0.02581085940309241
531;112;-3.2
531;121;-0.21064676616915426
531;122;-0.022910670648927507
531;128;-0.645
531;130;-3.2
531;162;-0.04368131868131868
531;163;-3.2
531;165;-3.2
531;194;-2.871255614620274
531;203;-1.3688320452015703
531;232;-0.0067
531;273;-0.021695906432748536
531;278;-0.0067
531;283;-2.871255614620274
531;298;-3.2
531;302;-0.41950216944507884
531;303;-58.0
531;304;-3.2
531;316;-0.021686746987951804
531;343;-1.8926840673253715
531;345;-0.0067
531;353;-3.2
531;358;-0.0067
531;393;-0.0067
531;417;-0.578
531;424;-0.4239
531;430;-3.3274760383386583
531;451;-3.2
531;455;-3.2
531;466;-1.33
531;488;-0.0067
531;494;-3.2
531;500;-2.5
531;504;-2.32
531;506;-0.04676258992805756
531;528;-1.3688320452015703
531;531;1.0
531;537;-3.2
531;543;-3.1408194342333
531;548;-0.026205936920222633
531;561;-0.45
531;569;-0.06364293458619444
531;597;-3.2
531;615;-0.17658064516129032
531;629;-3.2
531;632;-0.049433085501858744
531;633;-3.1408194342333
531;683;-0.1270260492040521
531;690;-0.08724206185567011
531;692;-0.0067
531;697;-0.4534
531;710;-3.2
531;716;-0.45662
531;720;-0.03582720997550657
531;724;-1.8926840673253715
531;738;-0.52
531;785;-2.277
531;801;-0.4598
531;805;-3.2
531;809;-0.595374
531;822;-1.93
531;831;-0.0067
531;841;-0.10815126050420168
531;857;-3.2
531;858;-6.25
531;901;-0.0067
531;914;-0.005560000000000001
531;920;-7.518977227327207
531;921;-8.059
531;928;-0.10080536912751678
531;952;-2.829
531;954;-0.1477832512315271
531;963;-0.0067
532;104;-0.0001
532;205;-5e-05
532;388;-0.0001
532;532;1.0
532;874;-9e-05
532;931;-5e-05
533;533;1.0
534;26;-0.00232558139534884
534;206;-0.00227272727272727
534;225;-0.00232558139534884
534;505;-0.00204081632653061
534;519;-0.000627953552093237
534;534;1.0
534;631;-0.00204081632653061
534;847;-0.000480746935527555
535;98;-1.8
535;289;-46.0
535;535;1.0
536;536;1.0
536;913;-0.3
536;926;-0.35
537;537;1.0
538;538;1.0
538;665;-1.0
538;716;-0.18493
538;764;-1500.0
538;818;-405.0
538;823;-0.04830917874396135
539;228;-1.0
539;539;1.0
540;47;-2.3824359378088956e-08
540;104;-4.44e-05
540;205;-2.981e-05
540;220;-2.6263999999999998e-05
540;388;-1e-07
540;540;1.0
540;603;-9.518493843389662e-05
540;625;-2.336084194731578e-08
540;640;-3.03e-08
540;737;-2.5563792772878316e-08
540;783;-9.959999999999999e-07
540;874;-1.2e-07
540;922;-2.642745211311632e-08
540;931;-3e-08
541;541;1.0
541;913;-0.7
542;128;-0.15
542;542;1.0
542;740;-0.1571
542;785;-0.3
542;809;-0.01304
542;858;-1.0
542;952;-0.7356
543;130;-1.02
543;543;1.0
544;237;-0.1
544;544;1.0
545;545;1.0
545;638;-0.0001878908128908129
546;446;-53.23375
546;546;1.0
547;377;-1.02
547;547;1.0
548;430;-6.281948881789138
548;548;1.0
548;921;-2.912
549;68;-0.01959882
549;76;-0.03516144
549;218;-0.74892
549;220;-0.02533136
549;235;-0.0069788
549;247;-0.031589696
549;253;-0.0002502
549;388;-0.00010842
549;549;1.0
549;616;-0.031589696
549;872;-0.0046750704
549;931;-0.0006
550;328;-0.001345476256548685
550;547;-0.0011043437520915599
550;550;1.0
551;551;1.0
551;597;-122.4
552;552;1.0
553;98;-0.0144
553;553;1.0
553;647;-0.000482
554;47;-2.3824359378088958e-09
554;554;1.0
554;625;-2.336084194731578e-09
554;737;-2.5563792772878314e-09
554;922;-2.642745211311632e-09
555;424;-8.105646630236795e-05
555;555;1.0
555;809;-5.26e-06
556;556;1.0
556;865;-64.0
557;557;1.0
558;558;1.0
558;807;-0.051338366506520246
559;559;1.0
560;473;-0.43
560;560;1.0
561;561;1.0
561;865;-250.0
562;519;-0.0114641440668571
562;562;1.0
562;680;-0.0016612974261811
562;847;-0.000604191036802619
563;424;-0.00048178506375227693
563;466;-0.0221
563;563;1.0
563;809;-7.87e-05
564;122;-0.012598425196850395
564;564;1.0
565;565;1.0
566;206;-2.09318181818182e-05
566;309;-7.83025568181818e-06
566;566;1.0
567;32;-1.0
567;128;-0.45
567;143;-0.3317
567;257;-0.25
567;424;-0.5027
567;517;-0.3298
567;567;1.0
567;740;-0.8439
567;785;-0.6
567;801;-0.9698499999507729
567;809;-0.43978894899544746
567;822;-1.0
568;568;1.0
568;647;-0.031
569;569;1.0
569;683;-1.001085383502171
570;570;1.0
570;836;-1.0
571;419;-0.0004
571;464;-1.88
571;473;-4.0
571;516;-3.47
571;571;1.0
571;647;-1.3
571;790;-3.0
571;807;-4.0
571;818;-1000.0
571;927;-4.0
572;252;-2000.0
572;572;1.0
573;519;-0.232543924271775
573;573;1.0
573;650;-0.0148954208246597
573;680;-0.0202994118315156
573;847;-0.0108739088105711
574;76;-1.11972
574;133;-1.11756
574;211;-4.8
574;220;-1.11756
574;247;-1.11756
574;253;-0.1892
574;341;-0.4402
574;419;-4.9
574;574;1.0
574;594;-1.11972
574;616;-8.819075999999999
574;760;-1.11972
574;872;-1.19262
574;941;-0.321775
575;575;1.0
576;576;1.0
577;577;1.0
578;11;-4.6e-10
578;88;-4e-10
578;181;-4e-10
578;289;-4e-10
578;328;-6.0882800608828e-10
578;442;-4e-10
578;547;-5.979073243647235e-10
578;578;1.0
578;589;-4e-10
578;763;-4.6e-10
578;855;-4e-10
578;886;-4e-10
579;6;-0.048
579;579;1.0
580;580;1.0
580;927;-0.43
581;11;-0.25
581;289;-0.46
581;581;1.0
581;763;-0.25
582;104;-0.0004
582;582;1.0
583;97;-45.0
583;360;-440.0
583;583;1.0
584;584;1.0
585;585;1.0
586;500;-0.05
586;586;1.0
586;632;-0.010529739776951673
587;206;-3.43181818181818e-06
587;309;-1.19850852272727e-07
587;587;1.0
588;213;-0.032
588;588;1.0
588;823;-0.252415458937198
588;952;-0.007063142455494861
589;357;-0.43
589;589;1.0
590;590;1.0
591;591;1.0
592;519;-0.00195612901423388
592;592;1.0
592;680;-0.00277743618252939
592;847;-0.00153491628692993
593;89;-0.0010754991304347825
593;519;-1.7696815784961
593;593;1.0
593;650;-0.16792951392205
593;680;-0.307008683680048
593;690;-0.0010754991304347825
593;789;-0.0005628517823639775
593;847;-0.114706878268446
594;393;-1.00057
594;594;1.0
595;169;-1.5e-10
595;250;-1.5e-10
595;287;-1.5e-10
595;595;1.0
595;622;-1.4e-10
595;626;-7.7e-11
595;913;-1.1e-10
595;926;-1e-10
595;945;-1.5e-10
596;596;1.0
596;648;-4.78e-07
597;597;1.0
598;522;-1.0
598;598;1.0
599;206;-7.63636363636364e-06
599;309;-4.28267045454546e-06
599;599;1.0
600;516;-0.000518
600;600;1.0
601;128;-0.15
601;443;-3.0
601;561;-0.6
601;601;1.0
601;615;-0.4593655913978495
601;740;-0.1571
601;785;-0.3
601;809;-0.01304
601;841;-0.05957983193277311
601;858;-1.0
601;865;-499.0
601;952;-0.7356
602;309;-0.00159801136363636
602;397;-0.0016629711751663
602;465;-0.00160347776510832
602;519;-0.00147914315885953
602;602;1.0
602;847;-0.00113594393857479
602;935;-0.00160347776510832
603;603;1.0
604;604;1.0
604;913;-0.03
604;926;-0.03
605;71;0.000168
605;232;0.000168
605;278;0.000168
605;345;0.000168
605;358;0.000168
605;393;0.000168
605;488;0.000168
605;605;1.0
605;692;0.000168
605;831;0.000168
605;901;0.000168
605;963;0.000168
606;371;-1.386149e-05
606;377;-1.386149e-05
606;606;1.0
607;607;1.0
607;647;-34.4
608;519;-0.00341453874489795
608;608;1.0
608;680;-0.00107306247513933
608;847;-0.000943475243847957
609;609;1.0
610;610;1.0
610;648;-20.0
611;611;1.0
611;680;-0.00561531807377424
612;612;1.0
612;815;-0.22848000000000002
613;613;1.0
614;464;-0.49
614;614;1.0
615;615;1.0
616;232;-1.00057
616;616;1.0
617;617;1.0
618;618;1.0
618;648;-3.34
619;300;-0.003
619;619;1.0
620;394;-0.00152
620;417;-0.001
620;620;1.0
621;621;1.0
621;796;-1.09529e-07
622;6;-0.0016
622;622;1.0
623;519;-0.00107273937169882
623;623;1.0
623;648;-6.0
623;680;-0.00245437021050929
623;847;-0.000701237095408489
624;26;-0.000162619068051146
624;206;-0.000283440815477429
624;225;-0.000514151055675894
624;309;-0.000242595039883515
624;397;-0.000436985126321071
624;465;-0.000125044870982727
624;505;-0.000181565583980071
624;624;1.0
624;631;-0.000573979591836735
624;935;-0.000424970794188218
625;96;-120.0
625;625;1.0
626;626;1.0
626;723;-0.4
627;424;-0.1665
627;500;-1.1200564971751414
627;627;1.0
628;464;-0.27
628;628;1.0
629;629;1.0
630;630;1.0
630;648;-0.03
631;230;-0.0419179695172896
631;631;1.0
631;800;-0.152942247836367
632;316;-1.6409943571755374
632;632;1.0
633;633;1.0
633;857;-1.02
634;417;-5.4
634;634;1.0
635;4;-0.002579925650557621
635;75;-0.15260697590794678
635;121;-0.0029154228855721395
635;162;-0.004888278388278388
635;273;-0.001949317738791423
635;302;-0.007211692167161453
635;504;-0.00146
635;506;-0.03597122302158274
635;548;-0.0927643784786642
635;569;-0.000526924466931695
635;632;-0.001607806691449814
635;635;1.0
635;683;-0.23154848046309698
635;697;-0.00078
635;720;-0.00015626809173903365
635;738;-0.0585
635;920;-0.07626847782660806
636;206;-1.85909090909091e-05
636;309;-8.98082386363633e-06
636;636;1.0
637;637;1.0
637;680;-0.00359023198022541
638;522;-1.0
638;638;1.0
639;639;1.0
639;648;-0.3
640;640;1.0
640;914;-1.01
641;641;1.0
642;4;-2.4225526641883498e-06
642;95;-2.2218626393383675e-05
642;109;-0.048
642;121;-0.000178407960199005
642;143;-0.06307
642;316;-0.00012427939606527398
642;430;-0.0006248402555910543
642;517;-0.0571
642;632;-1.6784386617100398e-07
642;638;-1.878908128908129e-05
642;642;1.0
642;683;-2.7941389290882783e-05
642;823;-0.1690821256038647
642;921;-0.007503
643;68;-0.066731592
643;643;1.0
644;644;1.0
644;648;-0.003
645;645;1.0
646;418;-0.97
646;646;1.0
647;638;-0.2405002405002405
647;647;1.0
648;394;-1.69e-08
648;648;1.0
649;649;1.0
649;730;9520.0
649;777;14400000.0
650;650;1.0
651;95;-0.0050017979144192735
651;651;1.0
651;952;-0.000598
652;426;-0.9
652;652;1.0
653;653;1.0
653;952;-0.00115
654;71;6.27e-06
654;232;6.27e-06
654;278;6.27e-06
654;345;6.27e-06
654;358;6.27e-06
654;393;6.27e-06
654;488;6.27e-06
654;654;1.0
654;692;6.27e-06
654;831;6.27e-06
654;901;6.27e-06
654;963;6.27e-06
655;47;-0.0031697992470360987
655;98;-0.25
655;265;-0.0031701087855211204
655;369;-0.0031700997968056904
655;519;-0.0664765144770114
655;551;-0.0031701087855211204
655;625;-0.003169483398301565
655;650;-0.0302728319937203
655;655;1.0
655;660;-0.0031700997968056904
655;680;-0.140190631497949
655;737;-0.003169846575676102
655;847;-0.127348569325936
655;922;-0.003169787726114825
656;211;-0.11
656;656;1.0
657;47;-4.7650982138220293e-07
657;128;-0.00727
657;603;-0.002749279911637121
657;625;-4.6723903241196954e-07
657;657;1.0
657;737;-5.113001417892905e-07
657;922;-5.285741490950388e-07
658;658;1.0
659;659;1.0
660;304;-122.4
660;660;1.0
661;661;1.0
662;8;-3.8e-10
662;136;-4.6e-10
662;192;-4.6e-10
662;440;-4.6e-10
662;579;-4.4e-10
662;619;-4.6e-10
662;662;1.0
662;747;-4.4e-10
662;770;-4.6e-10
662;825;-2.2e-10
662;890;-4.6e-10
662;944;-4.6e-10
663;472;-13000.0
663;663;1.0
664;664;1.0
664;952;-0.0013302609756724038
665;522;-0.07284118419824046
665;665;1.0
666;519;-0.00208537497153399
666;650;-0.00211304387603073
666;666;1.0
666;680;-0.00401712780773739
666;847;-0.00148667187644345
667;667;1.0
668;668;1.0
669;71;7.5e-05
669;232;7.5e-05
669;278;7.5e-05
669;345;7.5e-05
669;358;7.5e-05
669;393;7.5e-05
669;488;7.5e-05
669;669;1.0
669;692;7.5e-05
669;831;7.5e-05
669;901;7.5e-05
669;963;7.5e-05
670;670;1.0
671;228;-80000.0
671;671;1.0
672;519;-0.149805036939872
672;603;-0.1470629095323086
672;650;-0.0131121774826084
672;672;1.0
672;680;-0.176057542418772
672;815;-18.024
672;847;-0.0272025151945315
673;673;1.0
674;47;-4.765098213822029e-08
674;625;-4.6723903241196954e-08
674;674;1.0
674;737;-5.1130014178929046e-08
674;922;-5.285741490950388e-08
675;675;1.0
676;519;-0.000636956851758024
676;676;1.0
676;847;-0.000491868099645106
677;303;-1.693057110862262e-07
677;677;1.0
678;678;1.0
678;796;-1.09529e-07
679;516;-0.00862
679;679;1.0
680;680;1.0
681;47;-4e-07
681;220;-0.02830348
681;265;-4e-07
681;369;-4e-07
681;551;-4e-07
681;625;-4e-07
681;660;-4e-07
681;681;1.0
681;737;-4e-07
681;872;-0.0018914896000000003
681;922;-4e-07
682;682;1.0
683;95;-0.9949658396260337
683;683;1.0
684;615;-0.31989247311827956
684;684;1.0
684;841;-0.249327731092437
685;685;1.0
686;686;1.0
686;818;-3600.0
687;519;-0.028379845541182
687;650;-0.0223117148423697
687;680;-0.00560663811036754
687;687;1.0
687;847;-0.00695589502098617
688;688;1.0
688;807;-0.21153054221002057
689;650;-0.00262508454019263
689;689;1.0
690;690;1.0
690;963;-1.00057
691;122;-0.001629106706489275
691;128;-2.456
691;519;-0.0433926653724011
691;548;-0.7020408163265306
691;551;-0.004903199101220616
691;603;-0.02239020829548098
691;625;-0.02175382227891314
691;650;-0.00261228258157648
691;660;-0.07489031753632377
691;680;-0.0253682826353956
691;691;1.0
691;737;-0.07435244822059708
691;847;-0.0371539117246167
692;692;1.0
693;693;1.0
694;213;-0.016
694;694;1.0
695;14;-1.0
695;135;-77.31237367774793
695;313;-1.0
695;410;-0.5
695;466;-0.0307
695;558;-0.5
695;626;-0.32
695;695;1.0
695;809;-0.18544
695;825;-0.38
695;952;-0.016385204793981104
696;696;1.0
697;697;1.0
697;738;-1.0
698;47;-4.765098213822029e-08
698;625;-4.6723903241196954e-08
698;698;1.0
698;737;-5.1130014178929046e-08
698;922;-5.285741490950388e-08
699;699;1.0
699;952;-0.00119
700;206;-0.0159208680049927
700;309;-0.0136265611646145
700;519;-0.0169685444277564
700;700;1.0
700;847;-0.0130455974552433
701;98;-13.75
701;701;1.0
702;702;1.0
703;703;1.0
704;519;-1.25914867784907
704;650;-0.0835326700161126
704;680;-0.159044205699579
704;704;1.0
704;847;-0.0614750997712508
705;128;-0.45
705;143;-0.3749
705;517;-0.4122
705;705;1.0
705;785;-0.05
705;809;-0.15315
705;865;-372.0
706;706;1.0
707;47;-4.765098213822029e-08
707;625;-4.6723903241196954e-08
707;707;1.0
707;737;-5.1130014178929046e-08
707;922;-5.285741490950388e-08
708;516;-2.95
708;708;1.0
709;220;-0.0051992
709;709;1.0
710;710;1.0
711;68;-0.005022
711;133;-0.0078658
711;220;-0.071221
711;253;-8.8e-05
711;335;-8.8e-05
711;341;-9e-05
711;464;-1.25
711;616;-0.0002412
711;711;1.0
711;872;-0.007187752000000001
711;952;-0.000838300131434256
712;47;-2.603e-06
712;265;-2.603e-06
712;369;-2.603e-06
712;551;-2.603e-06
712;625;-2.603e-06
712;660;-2.603e-06
712;712;1.0
712;737;-2.603e-06
712;922;-2.603e-06
713;713;1.0
714;128;-0.45
714;135;-24.73995957687934
714;235;-7.95e-14
714;257;-0.25
714;714;1.0
714;822;-0.25
714;865;-2940.0
715;424;-0.0026
715;715;1.0
715;809;-0.0003412
716;303;-0.0185
716;716;1.0
717;228;-1.0
717;717;1.0
718;519;-0.0280487294968274
718;650;-0.00370502184441226
718;680;-0.677701920929581
718;718;1.0
718;847;-0.00340080575468063
719;47;-7.35751288389381e-06
719;265;-7.35751288389381e-06
719;369;-7.35751288389381e-06
719;551;-7.35751288389381e-06
719;625;-7.35751288389381e-06
719;660;-7.35751288389381e-06
719;719;1.0
719;730;-26700.0
719;737;-7.35751288389381e-06
719;922;-7.35751288389381e-06
720;569;-1.6230574629562702
720;720;1.0
721;721;1.0
722;47;-2.859104195934065e-07
722;625;-2.803478581403125e-07
722;722;1.0
722;737;-3.067849423399191e-07
722;922;-3.171495108235658e-07
723;473;-0.0067
723;723;1.0
723;790;-0.03076923076923077
723;807;-0.03129718599862732
723;927;-0.0067
724;710;-1.02
724;724;1.0
725;211;-0.3
725;725;1.0
726;133;-0.0031463199999999998
726;220;-0.00620688
726;726;1.0
726;872;-0.00435006
727;10;-0.035
727;426;-0.035
727;589;-0.02
727;727;1.0
728;728;1.0
729;328;-0.013959316161692605
729;547;-0.011457566427949933
729;729;1.0
730;362;-1.93e-09
730;730;1.0
731;377;-0.041393706
731;731;1.0
732;32;-0.024390243902439025
732;128;-0.0158
732;680;-0.00145604107339675
732;732;1.0
732;740;-0.01874
732;777;-1120000.0
732;822;-0.001
733;733;1.0
734;410;-1.0
734;446;-3.217910447761195
734;558;-1.0
734;734;1.0
735;616;-58.638400000000004
735;735;1.0
736;466;-0.002380952380952381
736;736;1.0
737;306;-120.0
737;737;1.0
738;504;-0.7444
738;561;-7.140000000000001
738;598;-0.05110630110630111
738;615;-0.21368817204301077
738;738;1.0
738;841;-0.16621848739495798
739;206;-2.93181818181818e-06
739;309;-7.28693181818179e-07
739;739;1.0
740;740;1.0
741;88;-1.026
741;181;-0.57
741;741;1.0
742;616;-0.13935999999999998
742;742;1.0
743;220;-0.00070484
743;743;1.0
744;744;1.0
744;777;-345000.0
745;745;1.0
746;128;-1.176e-06
746;328;-5.308219178082192e-06
746;371;-4.399393000000001e-09
746;377;-4.399393000000001e-09
746;547;-5.213004484304932e-06
746;746;1.0
747;6;-0.0049
747;747;1.0
748;50;-0.2857142857142857
748;748;1.0
749;749;1.0
750;750;1.0
751;751;1.0
752;32;-0.024390243902439025
752;128;-0.0158
752;740;-0.01874
752;752;1.0
752;822;-0.001
753;753;1.0
754;235;-0.0003893
754;754;1.0
754;872;-0.007565844
755;755;1.0
756;756;1.0
757;757;1.0
758;198;-0.08
758;240;-0.04
758;758;1.0
758;855;-0.04
758;886;-0.04
759;759;1.0
760;345;-1.00057
760;760;1.0
761;519;-0.00305308259101963
761;761;1.0
761;847;-0.000517184165671171
762;762;1.0
763;763;1.0
763;886;-0.94
764;677;-1.0
764;764;1.0
765;8;-0.57
765;213;-0.27
765;747;-0.97
765;765;1.0
765;865;-1180.0
766;443;4.0
766;766;1.0
767;767;1.0
768;768;1.0
768;815;-0.0069264
769;13;-0.03885
769;68;-0.01959882
769;76;-0.03516144
769;98;-0.55
769;104;-0.0001080169
769;133;-0.031589696
769;142;-0.00117872
769;218;-0.74892
769;220;-0.02533136
769;235;-0.0069788
769;247;-0.031589696
769;253;-0.0002502
769;328;-0.182648401826484
769;335;-0.0002502
769;341;-0.00049762
769;371;-0.2098889884
769;377;-0.2098889884
769;388;-0.00010842
769;394;-0.00948
769;547;-0.17937219730941703
769;594;-0.03516144
769;616;-0.031589696
769;729;-0.0344
769;760;-0.03516144
769;769;1.0
769;783;-1.875666e-05
769;815;-2.7816
769;872;-0.0046750704
769;874;-0.0008367800000000001
769;931;-0.0006
769;941;-0.0017653
770;109;-0.023
770;770;1.0
771;771;1.0
772;772;1.0
772;952;-0.0031626010994753127
773;47;-5.003206004680376e-07
773;128;-0.0005529
773;603;-0.001467486536042478
773;625;-4.905865582798929e-07
773;737;-5.368493627631341e-07
773;773;1.0
773;922;-5.549865371085275e-07
774;8;-0.17
774;45;-0.6
774;101;-1.0
774;400;-0.0002
774;622;-0.091
774;747;-0.031
774;774;1.0
775;403;-854.0
775;472;-500.0
775;775;1.0
776;47;-2.3824359378088956e-08
776;625;-2.336084194731578e-08
776;737;-2.5563792772878316e-08
776;776;1.0
776;922;-2.642745211311632e-08
777;89;-6.7e-12
777;690;-6.7e-12
777;777;1.0
778;104;-0.0008910000000000001
778;205;-0.0001246
778;388;-0.0007239
778;640;-0.000234
778;778;1.0
778;783;-8.93e-05
778;874;-0.0008964999999999999
778;931;-0.00024362
779;779;1.0
780;780;1.0
781;781;1.0
782;782;1.0
783;341;-1.02459
783;783;1.0
784;784;1.0
785;785;1.0
786;26;-3.41958294001544
786;225;-2.32891385589489
786;397;-2.77113308624793
786;465;-1.97209948688712
786;505;-3.81799367634376
786;519;-0.00828384435315468
786;631;-3.11989795918367
786;650;-0.00281362942100529
786;680;-0.0138828142427247
786;786;1.0
786;847;-0.00179841080721048
786;935;-2.69494442151506
787;787;1.0
788;788;1.0
789;89;-2.26
789;690;-0.98
789;789;1.0
790;790;1.0
791;235;-9.7173e-10
791;791;1.0
792;519;-0.000608250168842781
792;792;1.0
792;847;-0.000469432075716452
793;252;135000.0
793;793;1.0
794;71;-0.000689
794;121;-0.17542288557213934
794;162;-0.4495421245421245
794;232;-0.000689
794;278;-0.000689
794;345;-0.000689
794;358;-0.000689
794;393;-0.000689
794;424;-20.491803278688526
794;464;-55.0
794;488;-0.000689
794;692;-0.000689
794;794;1.0
794;809;-0.01984
794;831;-0.000689
794;901;-0.000689
794;928;-5.646979865771812
794;952;-0.28
794;963;-0.000689
795;795;1.0
796;417;-1.0
796;796;1.0
797;797;1.0
798;47;-1.3103850334357402e-07
798;128;-0.00856
798;328;-0.0008395433789954337
798;547;-0.0008244843049327353
798;625;-1.2848906940336756e-07
798;737;-1.4060571751717557e-07
798;798;1.0
798;922;-1.453560079886822e-07
799;400;-0.021
799;799;1.0
800;800;1.0
801;801;1.0
802;802;1.0
803;289;-1.0
803;803;1.0
804;804;1.0
804;815;-0.0103752
805;805;1.0
806;680;-0.00141700848828484
806;806;1.0
807;807;1.0
808;47;-1.7424124486756497e-06
808;265;-2.3642079843686714e-06
808;551;-2.3642079843686714e-06
808;625;-1.7456639888883143e-06
808;808;1.0
809;809;1.0
810;648;-6.0
810;810;1.0
811;360;-1320.0
811;716;-0.091324
811;764;-1000.0
811;811;1.0
811;818;-400.0
812;812;1.0
813;648;-0.0006
813;813;1.0
814;680;-0.00613545487197076
814;814;1.0
815;298;-1.02
815;815;1.0
816;252;-270000.0
816;816;1.0
817;464;-0.09
817;817;1.0
818;677;-1.0
818;818;1.0
819;819;1.0
820;820;1.0
821;500;-0.01
821;821;1.0
822;822;1.0
823;439;-0.5997029945432004
823;823;1.0
824;603;-0.0007857849594006147
824;824;1.0
825;656;-0.087
825;825;1.0
826;220;-0.00051188
826;826;1.0
827;444;-9000.0
827;827;1.0
828;658;-20.0
828;828;1.0
829;729;-0.018660000000000003
829;829;1.0
830;658;-3250.0
830;809;-0.11471
830;830;1.0
831;831;1.0
832;400;-1.7e-05
832;832;1.0
833;516;-0.000773
833;833;1.0
834;11;-0.55
834;763;-0.55
834;834;1.0
835;88;-0.88
835;181;-0.88
835;835;1.0
836;522;-0.08450832732082732
836;836;1.0
837;837;1.0
838;213;-0.044
838;400;-0.0019
838;418;-0.029
838;579;-0.042
838;626;-0.08
838;825;-0.13
838;838;1.0
839;839;1.0
840;725;-0.00041
840;840;1.0
841;841;1.0
842;842;1.0
843;729;-0.000238
843;843;1.0
844;76;-0.014508
844;253;-3.2e-05
844;289;-0.65
844;335;-3.2e-05
844;341;-3e-05
844;844;1.0
845;603;-0.01798582820935241
845;845;1.0
846;548;-0.989795918367347
846;846;1.0
847;847;1.0
848;848;1.0
849;26;-5.48185341789994e-05
849;206;-6.02617079889806e-05
849;225;-6.0429880197322e-05
849;309;-4.14299242424242e-05
849;397;-4.22517861542252e-05
849;465;-3.69571930824782e-05
849;505;-4.81060606060607e-05
849;631;-5.3030303030303e-05
849;849;1.0
849;935;-4.07402128468263e-05
850;648;-0.0148
850;680;-0.00135157812041046
850;850;1.0
851;851;1.0
852;88;-0.34
852;181;-0.57
852;852;1.0
853;853;1.0
854;47;-3.02e-06
854;86;-0.57
854;265;-3.02e-06
854;369;-3.02e-06
854;551;-3.02e-06
854;625;-3.02e-06
854;660;-3.02e-06
854;737;-3.02e-06
854;854;1.0
854;922;-3.02e-06
855;855;1.0
856;516;-0.000227
856;856;1.0
857;857;1.0
858;858;1.0
859;648;-0.0012
859;859;1.0
860;551;-0.03267116725616355
860;625;-0.03210538213467175
860;660;-0.03267107461838828
860;737;-0.03265979865774224
860;860;1.0
861;160;-2000.0
861;403;-454.0
861;444;-1180.0
861;472;-500.0
861;621;-3000.0
861;861;1.0
862;8;-0.25
862;213;-0.12
862;622;-0.91
862;862;1.0
862;865;-499.0
862;945;-1.0
863;863;1.0
864;68;-0.05970600000000001
864;76;-0.11309544
864;594;-0.09552216000000001
864;760;-0.09528408000000001
864;864;1.0
865;112;-1.6931e-07
865;130;-1.6931e-07
865;161;-1.6931e-07
865;163;-1.6931e-07
865;165;-1.6931e-07
865;279;-1.6931e-07
865;298;-1.6931e-07
865;304;-1.6931e-07
865;353;-1.6931e-07
865;451;-1.6931e-07
865;455;-1.6931e-07
865;494;-1.6931e-07
865;537;-1.6931e-07
865;597;-1.6931e-07
865;629;-1.6931e-07
865;710;-1.6931e-07
865;805;-1.6931e-07
865;857;-1.6931e-07
865;865;1.0
866;26;-0.0130095254440916
866;206;-0.0368473060120659
866;225;-0.0514151055675896
866;309;-0.0315373551848569
866;397;-0.0611779176849499
866;465;-0.00750269225896363
866;505;-0.0145252467184057
866;519;-0.0398738380574056
866;631;-0.0688775510204082
866;847;-0.0306678091550663
866;866;1.0
866;935;-0.0594959111863507
867;867;1.0
868;10;-0.9
868;589;-0.96
868;868;1.0
869;68;-0.001410159
869;869;1.0
869;941;-3.3e-05
870;122;-0.0002074395872929677
870;548;-0.00047402597402597407
870;569;-0.0006234188651969644
870;870;1.0
871;473;-14.4
871;790;-10.8
871;807;-14.4
871;871;1.0
871;927;-14.4
872;488;-1.00057
872;872;1.0
873;873;1.0
874;874;1.0
874;941;-1.032
875;504;-0.2555
875;875;1.0
876;52;-8.06180790960452e-06
876;876;1.0
877;98;-0.00504
877;877;1.0
878;252;-10.4
878;878;1.0
879;879;1.0
880;880;1.0
881;466;-0.0002934
881;881;1.0
882;882;1.0
883;47;-9.529970089439819e-08
883;625;-9.344558713582851e-08
883;737;-1.0225759972468566e-07
883;883;1.0
883;922;-1.057123191357365e-07
884;466;-0.6675
884;884;1.0
885;444;-3.54
885;885;1.0
886;560;-0.89
886;886;1.0
887;887;1.0
888;519;-0.00193614834770559
888;603;-0.0001364426423488863
888;847;-0.00125163285904052
888;888;1.0
889;889;1.0
890;357;-0.57
890;890;1.0
891;519;-0.00147861408493295
891;847;-0.000687127661724979
891;891;1.0
892;76;-0.026784000000000002
892;892;1.0
893;519;-0.00929022450508016
893;680;-0.0486397128289707
893;847;-0.000941710762381379
893;893;1.0
894;98;-0.01
894;894;1.0
895;47;-1.6677504241070746e-07
895;625;-1.6353033232434125e-07
895;737;-1.7895140667649304e-07
895;895;1.0
895;922;-1.849971861583567e-07
896;424;0.020491803278688527
896;809;1.984e-05
896;896;1.0
896;928;0.005646979865771813
896;952;0.0022011500000000002
897;897;1.0
898;852;0.11
898;898;1.0
899;899;1.0
900;283;-10.2846
900;528;-11.6966
900;633;-11.6966
900;724;-10.2846
900;900;1.0
901;901;1.0
902;815;-0.50532
902;902;1.0
903;109;-0.00096
903;903;1.0
904;192;-1.0
904;213;-0.0014
904;400;-0.85
904;440;-1.0
904;579;-0.96
904;619;-1.0
904;770;-1.0
904;825;-0.49
904;865;-26600.0
904;904;1.0
904;944;-1.0
905;328;-9.132420091324201e-06
905;547;-8.968609865470851e-06
905;905;1.0
906;519;-0.016295430427857
906;650;-0.00127678507655295
906;680;-0.00281709975384097
906;847;-0.00375831909354023
906;906;1.0
907;252;-187.0
907;907;1.0
908;4;-0.005396530359355638
908;430;-5.281948881789138
908;632;-0.004139405204460967
908;908;1.0
908;921;-2.348
909;88;-1.6
909;181;-1.6
909;909;1.0
910;519;-45.1462700500727
910;650;-2.99052117217708
910;680;-5.24902488764079
910;847;-2.19478675958184
910;910;1.0
911;466;-0.008372
911;911;1.0
912;446;-0.075
912;638;-0.0001503126503126503
912;801;-0.00015
912;912;1.0
913;6;-0.48
913;913;1.0
914;220;-51.83924
914;914;1.0
915;874;-0.00036
915;915;1.0
916;516;-0.225
916;658;-42840.0
916;916;1.0
917;464;-2.96
917;917;1.0
918;648;-0.2
918;918;1.0
919;919;1.0
920;430;-1.9992012779552717
920;920;1.0
921;121;-0.9796019900497513
921;921;1.0
922;163;-122.4
922;922;1.0
923;729;-3.43396556480316e-10
923;923;1.0
924;97;-180.0
924;360;-1320.0
924;444;-1180.0
924;716;-0.59361
924;764;-1000.0
924;818;-1300.0
924;924;1.0
924;952;-0.017635739015048158
925;594;-0.013764
925;760;-0.004259400000000001
925;925;1.0
926;6;-0.4
926;926;1.0
927;927;1.0
928;928;1.0
929;257;-0.7188
929;658;-9000.0
929;740;-0.8439
929;777;-7200000.0
929;809;-0.43978894899544746
929;823;-0.3381642512077294
929;929;1.0
930;47;-4.439399999999999e-06
930;86;-0.11
930;265;-4.439399999999999e-06
930;369;-4.439399999999999e-06
930;551;-4.439399999999999e-06
930;625;-4.439399999999999e-06
930;660;-4.439399999999999e-06
930;737;-4.439399999999999e-06
930;922;-4.439399999999999e-06
930;930;1.0
930;952;-0.000838300131434256
931;142;-1.8388
931;247;-35.1616
931;931;1.0
932;47;-4.456949461487159e-12
932;265;-4.457301940013404e-12
932;369;-4.4572893015137695e-12
932;551;-4.457301940013404e-12
932;625;-4.4564226201365225e-12
932;660;-4.4572893015137695e-12
932;737;-4.456933262302334e-12
932;815;-6.997199999999999e-10
932;922;-4.456933262302334e-12
932;932;1.0
933;720;-0.025005566688933424
933;933;1.0
934;815;-3.9744e-09
934;934;1.0
935;230;-0.0269306843047564
935;800;-0.0982595159253158
935;935;1.0
936;936;1.0
937;47;-4.765098213822029e-09
937;625;-4.672390324119695e-09
937;737;-5.113001417892904e-09
937;922;-5.285741490950388e-09
937;937;1.0
938;938;1.0
939;680;-0.00132292400172338
939;939;1.0
940;194;-5.348319914762801e-10
940;283;-5.348319914762801e-10
940;343;-5.348319914762801e-10
940;528;-5.348319914762801e-10
940;633;-5.348319914762801e-10
940;724;-5.348319914762801e-10
940;940;1.0
941;335;-1.0246
941;941;1.0
942;942;1.0
943;388;-0.0005
943;943;1.0
944;656;-0.46
944;944;1.0
945;109;-0.038
945;945;1.0
946;946;1.0
947;648;-0.3
947;947;1.0
948;26;-0.0249319616493607
948;206;-0.00396079467443311
948;225;-0.0204268952836162
948;252;-3310000.0
948;309;-0.00339001685553305
948;397;-0.0230416430640749
948;465;-0.0126326061858609
948;505;-0.0321562040816327
948;631;-0.0286855867346939
948;935;-0.0243791831750914
948;948;1.0
949;50;-0.1428571428571428
949;949;1.0
950;648;-200.0
950;950;1.0
951;50;-0.4285714285714285
951;951;1.0
952;952;1.0
953;953;1.0
954;273;-0.9892787524366471
954;954;1.0
955;519;-0.0110994524930319
955;680;-0.00154437743655919
955;847;-0.00117812433280683
955;955;1.0
956;26;-0.000227674418604651
956;206;-1.82727272727273e-05
956;225;-3.86046511627907e-05
956;309;-2.49289772727273e-05
956;397;-2.59423503325943e-05
956;465;-0.000156980473204105
956;505;-0.000199795918367347
956;631;-3.97959183673469e-05
956;935;-4.21714652223489e-05
956;956;1.0
957;957;1.0
958;4;-0.031548946716232956
958;958;1.0
959;519;-0.000633125880536691
959;847;-0.000488942602068148
959;959;1.0
960;648;-0.009
960;960;1.0
961;98;-0.251
961;961;1.0
962;220;-0.0006834
962;962;1.0
963;963;1.0
964;516;-0.000909
964;964;1.0
